{
  "generatedBy": "Microsoft.NET.Sdk.Functions.Generator-4.1.3",
  "configurationSource": "attributes",
  "bindings": [
    {
      "type": "httpTrigger",
      "methods": [
        "post"
      ],
      "authLevel": "anonymous",
      "name": "req"
    },
    {
      "type": "signalRConnectionInfo",
      "hubName": "dttelemetry",
      "name": "connectionInfo"
    }
  ],
  "disabled": false,
  "scriptFile": "../bin/KHI-ADT-Functions.dll",
  "entryPoint": "KHI.Robocross.ADTSignalrFunction.GetSignalRInfo"
}